<?xml version="1.0" encoding="UTF-8"?>
<window id="85000">
	<defaultcontrol>85001</defaultcontrol>
	<allowoverlay>yes</allowoverlay>
	<animation effect="fade" time="100">WindowOpen</animation>
	<animation effect="fade" time="100">WindowClose</animation>
	<coordinates>
		<posX>200</posX>
		<posY>100</posY>
	</coordinates>
	<controls>
		<control type="image"  id="85002">
			<description>Black Background</description>
			<posx>340</posx>
			<posy>230</posy>
			<width>600</width>
			<height>400</height>
			<texture>dialog.png</texture>
		</control>
		<control type="image">
			<description>Title Bar</description>
			<posx>350</posx>
			<posy>232</posy>
			<width>600</width>
			<height>40</height>
			<texture>dialogheader.png</texture>
		</control>
		<control type="label" id="85005">
			<posx>350</posx>
			<posy>240</posy>
			<width>600</width>
			<height>40</height>
			<font>font13_title</font>
			<align>center</align>
			<textcolor>cyan</textcolor>
			<shadowcolor>dimgrey</shadowcolor>
			<label></label>
		</control>

		<control type="button" id="85000">
			<posx>872</posx>
			<posy>232</posy>
			<width>60</width>
			<height>32</height>
			<label></label>
			<focusedcolor>FFFFFFFF</focusedcolor>
			<colordiffuse>FFFFFFFF</colordiffuse>
			<texturefocus>window/close_focus.png</texturefocus>
			<texturenofocus>window/close.png</texturenofocus>
			<pulseonselect>true</pulseonselect>
		</control>
		
		<control type="list" id="85001">
			<description>Multi Select</description>
			<posx>340</posx>
			<posy>275</posy>
			<width>560</width>
			<height>280</height>
			<visible>true</visible>
			<viewtype label="3D list">list</viewtype>
			<orientation>vertical</orientation>
			<autoscroll>false</autoscroll>
			<pagecontrol>85003</pagecontrol>
			<onright>85003</onright>
			<ondown>85010</ondown>
			<scrolltime tween="sine" easing="out">200</scrolltime>
			<itemlayout width="560" height="40">
				<control type="image">
					<posx>5</posx>
					<posy>0</posy>
					<width>550</width>
					<height>41</height>
					<texture>List/nofocus.png</texture>
				</control>
				<control type="image">
					<posx>10</posx>
					<posy>6</posy>
					<width>28</width>
					<height>28</height>
					<info>ListItem.Property(selected)</info>
				</control>
				<control type="label">
					<posx>50</posx>
					<posy>0</posy>
					<width>200</width>
					<height>40</height>
					<font>font13</font>
					<aligny>center</aligny>
					<align>left</align>
					<info>ListItem.Label</info>
				</control>
			</itemlayout>
			<focusedlayout height="40" width="560">
				<control type="image">
					<posx>10</posx>
					<posy>0</posy>
					<width>550</width>
					<height>41</height>
					<texture>List/focus.png</texture>
				</control>
				<control type="image">
					<posx>10</posx>
					<posy>6</posy>
					<width>28</width>
					<height>28</height>
					<info>ListItem.Property(selected)</info>
				</control>
				<control type="label">
					<posx>50</posx>
					<posy>0</posy>
					<width>200</width>
					<height>40</height>
					<font>font13</font>
					<aligny>center</aligny>
					<align>left</align>
					<info>ListItem.Label</info>
				</control>
			</focusedlayout>
		</control>
		<control type="scrollbar" id="85003">
			<description>Select Scroll</description>
			<posx>905</posx>
			<posy>270</posy>
			<width>25</width>
			<height>290</height>
			<visible>true</visible>
			<texturesliderbackground border="0,14,0,14">ScrollBarV.png</texturesliderbackground>
			<texturesliderbar border="0,14,0,14">ScrollBarV_bar.png</texturesliderbar>
			<texturesliderbarfocus border="0,14,0,14">ScrollBarV_bar_focus.png</texturesliderbarfocus>
			<textureslidernib>ScrollBarNib.png</textureslidernib>
			<textureslidernibfocus>ScrollBarNib.png</textureslidernibfocus>
			<colordiffuse>FFCCCCCC</colordiffuse>
			<pulseonselect>True</pulseonselect>
			<orientation>vertical</orientation>
			<showonepage>true</showonepage>
			<onleft>85001</onleft>
		</control>

		<control type="grouplist" id="85010">
			<defaultcontrol>85012</defaultcontrol>
			<posx>340</posx>
			<posy>580</posy>
			<width>600</width>
			<height>50</height>
			<itemgap>10</itemgap>
			<scrolltime tween="sine" easing="out">200</scrolltime>
			<orientation>horizontal</orientation>
			<usecontrolcoords>false</usecontrolcoords>
			<visible>true</visible>
			<onup>85001</onup>
			<align>center</align>
				<control type="button" id="85011">
					<width>150</width>
					<height>32</height>
					<label>Cancel</label>
					<align>center</align>
					<focusedcolor>FFFFFFFF</focusedcolor>
					<colordiffuse>FFFFFFFF</colordiffuse>
					<texturefocus>Button/focus.png</texturefocus>
					<texturenofocus>Button/nofocus.png</texturenofocus>
					<pulseonselect>true</pulseonselect>
				</control>
				<control type="button" id="85012">
					<width>150</width>
					<height>32</height>
					<label>OK</label>
					<align>center</align>
					<focusedcolor>FFFFFFFF</focusedcolor>
					<colordiffuse>FFFFFFFF</colordiffuse>
					<texturefocus>Button/focus.png</texturefocus>
					<texturenofocus>Button/nofocus.png</texturenofocus>
					<pulseonselect>true</pulseonselect>
				</control>
		</control>
	</controls>
</window>

