<?xml version="1.0" encoding="UTF-8" standalone="yes"?>
<addon id="script.module.tulip" name="Tulip Routine Libraries" version="2.0.22" provider-name="Twilight0">
    <requires>
        <import addon="xbmc.python" version="2.24.0"/>
    </requires>
    <extension point="xbmc.python.module" library="lib" />
    <extension point="xbmc.addon.metadata">
        <summary lang="en">Tulip Helper module</summary>
        <description lang="en">Tulip Routine Libraries are based on Lambda's "lamlib". It has some additions, most being in control module.</description>
        <platform>all</platform>
        <license>GNU GENERAL PUBLIC LICENSE. Version 3, 29 June 2007</license>
        <source>https://github.com/Twilight0/script.module.tulip</source>
        <news>[B]2.0.X[/B]
- Significantly improved Python 3 compatibility:
  > Only absolute imports are used
  > Added compat module to allow several modules imports compatibility
  > Several other related tweaks
- Improved youtube module to allow more results from video lists and playlists
  > Tweaks and cosmetics added as well
- Several enhancements into directory module:
  > UTF-8 encoding optional via exception into quoted queries
  > Added parameters for more manifest types and adaptive types
  > Several other enhancements into resolve function
  > New m3u playlist maker function
  > isPlayable parameter made available for disabling auto playable assignment based on isFolder
  > Added an alternative mode for playing an item which does not require the isPlayable property
- Added login support for client.request module
- Improved ssl verification on client module
- Improved redirection handler
- Added parse_headers function which converts a response/request headers string into dictionary
- Simplified random agent picking, addition of mobile agents function
- Added ordereddict conditional into compat module
- Added busy function to activate busydialog
- Removed conditional and accompanying function for optional resolvers
- Added headers parameter into spoofer function and improved it
- Re-addition of manifest_update_parameter for resolve function on live streams
- Various other efficiency tweaks</news>
    </extension>
</addon>
